pais_nom,anio,tramo,share_vacantes_fijo,share_empleo,indice_relativo
Costa Rica,2022,β<0.15,0.09425820180153395,0.2975933004329186,0.3167349589671995
Costa Rica,2022,0.15–0.30,0.11574376636103868,0.3050960194368229,0.37936832664906683
Costa Rica,2022,0.30–0.45,0.17607483628189302,0.1954493667690526,0.9008718687226397
Costa Rica,2022,0.45–0.60,0.3730196723117674,0.14570068102541386,2.5601779599554746
Costa Rica,2022,β≥0.60,0.2409035232437669,0.05616063233579204,4.289544352053802
Costa Rica,2023,β<0.15,0.10949228263244973,0.287053762146726,0.38143475916711145
Costa Rica,2023,0.15–0.30,0.13295491633103007,0.29534106320748665,0.4501741643613741
Costa Rica,2023,0.30–0.45,0.1947360883583314,0.21085420845296254,0.9235579872325537
Costa Rica,2023,0.45–0.60,0.3591590263805271,0.14818831696197446,2.4236662764223738
Costa Rica,2023,β≥0.60,0.20365768629766162,0.05856264923085033,3.4776037111103983
Costa Rica,2024,β<0.15,0.11806352513401251,0.27508121726446993,0.429195153010041
Costa Rica,2024,0.15–0.30,0.12375916881551129,0.2921684536043417,0.42358840350063104
Costa Rica,2024,0.30–0.45,0.2041868495906326,0.21663710800238678,0.9425294284688429
Costa Rica,2024,0.45–0.60,0.35680219789494366,0.15089788882469385,2.3645274342403813
Costa Rica,2024,β≥0.60,0.1971882585648999,0.06521533230410774,3.0236487586291045
Costa Rica,2025,β<0.15,0.10811032054228606,0.27741997795291173,0.389699117345602
Costa Rica,2025,0.15–0.30,0.12124337169657287,0.2873449832739032,0.42194358264122256
Costa Rica,2025,0.30–0.45,0.20622225151311985,0.2166958103974259,0.9516669987061713
Costa Rica,2025,0.45–0.60,0.37743388359348784,0.15733143188624227,2.398973168097711
Costa Rica,2025,β≥0.60,0.18699017265453333,0.0612077964895169,3.055005789769923
Guatemala,2023,β<0.15,0.09780034031168897,0.43076928504088113,0.22703647569117527
Guatemala,2023,0.15–0.30,0.18430214413308668,0.2911719494804202,0.6329666867360108
Guatemala,2023,0.30–0.45,0.256237602378455,0.19434128496680034,1.3184928895691337
Guatemala,2023,0.45–0.60,0.26887684630900827,0.0546300354735336,4.92177689394454
Guatemala,2023,β≥0.60,0.1927830668677611,0.029087445038364742,6.62770712977681
Honduras,2022,β<0.15,0.06838712117432531,0.3241326817832924,0.21098496084405138
Honduras,2022,0.15–0.30,0.15086914075184038,0.37378980261850314,0.403620269185942
Honduras,2022,0.30–0.45,0.1869186288011405,0.1326813021356081,1.4087789748256965
Honduras,2022,0.45–0.60,0.36520089061220457,0.14536499245030096,2.512302889824478
Honduras,2022,β≥0.60,0.22862421866048924,0.024031221012295417,9.513633058574724
Honduras,2023,β<0.15,0.06597270638766395,0.3151327609495311,0.20934893023778497
Honduras,2023,0.15–0.30,0.1634523508593635,0.3723670747369609,0.4389548967905548
Honduras,2023,0.30–0.45,0.19650007503503036,0.1333176976160994,1.4739234066348073
Honduras,2023,0.45–0.60,0.371672196775174,0.14993312924573296,2.4789197600619786
Honduras,2023,β≥0.60,0.2024026709427683,0.029249337451675645,6.919906178290988
Honduras,2024,β<0.15,0.06944096688026632,0.33029699305278226,0.21023796262404815
Honduras,2024,0.15–0.30,0.16141724562283194,0.35430259678229414,0.4555914833500836
Honduras,2024,0.30–0.45,0.2078641134516198,0.13934550549657707,1.491717387732508
Honduras,2024,0.45–0.60,0.37289803482119194,0.14940022368310416,2.4959670449500364
Honduras,2024,β≥0.60,0.18837963922408993,0.026654680985242356,7.067413011935438
Honduras,2025,β<0.15,0.06615863899196302,0.3200580119714413,0.20670827324224691
Honduras,2025,0.15–0.30,0.15063229647564477,0.3705380319297349,0.4065231730496403
Honduras,2025,0.30–0.45,0.1910095388088922,0.14433375796215542,1.3233878304407156
Honduras,2025,0.45–0.60,0.3776935323574985,0.13296316062653002,2.8405878032515544
Honduras,2025,β≥0.60,0.21450599336600157,0.032107037510138374,6.680964984647601
México,2022,β<0.15,0.08333069577201964,0.30210349948226484,0.2758349238417598
México,2022,0.15–0.30,0.1886790757853851,0.24844588650809907,0.759437310221815
México,2022,0.30–0.45,0.20907417535792883,0.22459737468622384,0.9308843242269333
México,2022,0.45–0.60,0.32497662661243426,0.19078503822697107,1.7033653667632973
México,2022,β≥0.60,0.1939394264722321,0.03406820109644117,5.692681745162394
México,2023,β<0.15,0.09628181984578804,0.3027698878431737,0.3180032880140951
México,2023,0.15–0.30,0.18881022420614468,0.24594110998903249,0.7677050177360121
México,2023,0.30–0.45,0.2147160380499003,0.22691217888506315,0.946251713349681
México,2023,0.45–0.60,0.32591511170197845,0.19108735168619165,1.70558181285177
México,2023,β≥0.60,0.17427680619618852,0.03328947159653898,5.235192925510648
México,2024,β<0.15,0.10862385445852443,0.2961990439914918,0.3667258779594326
México,2024,0.15–0.30,0.18613325304302636,0.2431599474474771,0.7654766132207337
México,2024,0.30–0.45,0.21689666200556018,0.23200934647416996,0.9348617428639139
México,2024,0.45–0.60,0.3168764502545356,0.1956360362794446,1.6197243426150405
México,2024,β≥0.60,0.17146978023835346,0.032995625807416565,5.196742781578384
México,2025,β<0.15,0.11141514194473066,0.2903848119811893,0.38368102375804686
México,2025,0.15–0.30,0.16244890234707485,0.24346537341389807,0.667236166150441
México,2025,0.30–0.45,0.2130874469392171,0.23565406740580921,0.9042383578818899
México,2025,0.45–0.60,0.3513735024396942,0.19762139386969893,1.778013481027116
México,2025,β≥0.60,0.16167500632928308,0.032874353329404436,4.91796765427696
Rep. Dominicana,2024,β<0.15,0.1267261130947193,0.300773406560914,0.42133416828210885
Rep. Dominicana,2024,0.15–0.30,0.1539910971774488,0.29007724915913924,0.5308623741566433
Rep. Dominicana,2024,0.30–0.45,0.20214337314585185,0.2217146433281553,0.9117276608864466
Rep. Dominicana,2024,0.45–0.60,0.31596701406000877,0.1351013117699765,2.3387412743850646
Rep. Dominicana,2024,β≥0.60,0.20117240252197127,0.05233338918181495,3.844054544662962
